WaveLength	Name	Type	Force	Profile	AmplitudeGroupName	AmplitudeGroupValue	DispersionVelocityGroupName	WaveLengthOffset	EnableFitWaveLengthOffset	PfsName
18756.1	P_alpha	E	S	LOR	-1	1.0	Em1	0	False	
12821.59	P_beta	E	W	LOR	-1	1.0	Em1	0	False	
10941.09	P_gamma	E	W	LOR	-1	1.0	Em1	0	False	
10052.13	P_delta	E	W	LOR	-1	1.0	Em1	0	False	
9548.59	P_eps	E	W	LOR	-1	1.0	Em1	0	False	
9231.55	P9	E	W	LOR	-1	1.0	Em1	0	False	None
9017.38	P10	E	W	LOR	-1	1.0	Em1	0	False	None
8865.22	P11	E	W	LOR	-1	1.0	Em1	0	False	None
9533.2	SIII9530	E	W	LOR	-1	1.0	Em1	0	False	None
9071.1	SIII9068	E	W	LOR	-1	1.0	Em1	0	False	None
7753.2	ArIII7751	E	W	LOR	-1	1.0	Em1	0	False	None
7332.2	OII7330	E	W	LOR	-1	1.0	Em1	0	False	None
7321.0	OII7319	E	W	LOR	-1	1.0	Em1	0	False	None
7138.73	ArIII7136	E	W	LOR	-1	1.0	Em1	0	False	ariii_7135
6732.68	[SII]6731	E	W	SYM	-1	1.0	Em1	0	False	sii_6731
6718.29	[SII]6716	E	W	SYM	-1	1.0	Em1	0	False	sii_6717
6585.27	[NII](doublet-1)	E	W	SYM	E_NII	2.95	Em1	0	False	nii_6584
6564.61	Halpha	E	S	LOR	-1	1.0	Em1	0	False	h_alpha
6549.86	[NII](doublet-1/3)	E	W	SYM	E_NII	1.0	Em1	0	False	
6496.75	FeI6494	E	W	LOR	-1	1.0	Em1	0	False	None
6302.05	[OI]6301	E	W	SYM	-1	1.0	Em1	0	False	oi_6300
5877.41	HeI5876	E	W	LOR	-1	1.0	Em1	0	False	hei_5876
5305.97	FeII5305	E	W	LOR	-1	1.0	Em1	0	False	
5008.24	[OIII](doublet-1)	E	S	SYM	E_OIII	3.0	Em1	0	False	oiii_5007
4960.29	[OIII](doublet-1/3)	E	S	SYM	E_OIII	1.0	Em1	0	False	oiii_4959
4862.72	Hbeta	E	S	LOR	-1	1.0	Em1	0	False	h_beta
4564.71	FeII4564	E	W	LOR	-1	1.0	Em1	0	False	
4341.58	Hgamma	E	W	LOR	-1	1.0	Em1	0	False	h_gamma
4102.81	Hdelta	E	W	LOR	-1	1.0	Em1	0	False	h_delta
3971.15	Hepsilon	E	W	LOR	-1	1.0	Em1	0	False	None
3890.11	H8	E	W	LOR	-1	1.0	Em1	0	False	None
3869.05	NeIII	E	W	LOR	-1	1.0	Em1	0	False	neiii_3869
3836.43	H9	E	W	LOR	-1	1.0	Em1	0	False	None
3798.93	H10	E	W	LOR	-1	1.0	Em1	0	False	None
3785.47	FeII3785	E	W	LOR	-1	1.0	Em1	0	False	None
3771.65	H11	E	W	LOR	-1	1.0	Em1	0	False	None
3758.46	FeVII	E	W	LOR	-1	1.0	Em1	0	False	None
3729.88	[OII]3729	E	S	SYM	E_OII	1.5	Em1	0	False	oii_3729
3727.09	[OII]3726	E	S	SYM	E_OII	1.0	Em1	0	False	oii_3726
3426.73	[NeVa]	E	W	SYM	NeV	2.76	Em1	0	False	None
3346.81	[NeVb]	E	W	SYM	NeV	1.0	Em1	0	False	None
3191.78	HeI3190	E	W	LOR	-1	1.0	Em1	0	False	None
2964.28	FeII2964	E	W	LOR	-1	1.0	Em1	0	False	
2804.29	MgII2803E	E	S	LOR	E_MgII	0.3	Em1	0	False	
2797.11	MgII2796E	E	S	LOR	E_MgII	0.6	Em1	0	False	
2324.58	FeII2324	E	W	LOR	-1	1.0	Em1	0	False	
2076.62	FeIII	E	W	LOR	-1	1.0	Em1	0	False	
1906.68	[CIII]1907	E	S	LOR	E_CIII	1.0	Em1	0	False	None
1908.73	[CIII]1909	E	S	LOR	E_CIII	1.0	Em1	0	False	None
1862.79	AlIII1862	E	W	LOR	-1	1.0	Em1	0	False	None
1854.71	AlIII1854	E	W	LOR	-1	1.0	Em1	0	False	None
1663.93	OIII_d	E	W	LOR	-1	1.0	Em1	0	False	
1640.4	HeII_d	E	W	LOR	-1	1.0	Em1	0	False	
1550.77	CIV1550	E	S	LOR	E_CIV	0.9	Em1	0	False	None
1548.19	CIV1548	E	S	LOR	E_CIV	1.0	Em1	0	False	None
1398.25	SiIV1398_d	E	S	LOR	-1	1.0	Em1	0	False	
1334.53	CII	E	W	LOR	-1	1.0	Em1	0	False	None
1305.42	OI-SiII	E	W	LOR	-1	1.0	Em1	0	False	
1260.42	SiII1260	E	W	LOR	-1	1.0	Em1	-150	False	None
1240.81	NV_d	E	S	LOR	-1	1.0	Em1	0	False	
1215.67	LyAE	E	S	LOR	-1	1.0	Em1	0	False	None
1206.5	SiIII1206	E	W	LOR	-1	1.0	Abs1	-150	False	None
1193.29	SiII1193	E	W	LOR	-1	1.0	Abs1	-150	False	None
1190.42	SiII1190	E	W	LOR	-1	1.0	Abs1	-150	False	None
1175.71	CIII1176a	E	W	SYM	-1	1.0	Abs1	0	False	None
1176.37	CIII1176b	E	W	SYM	-1	1.0	Abs1	0	False	None
1037.62	OVI1037E	E	W	LOR	E_OVI	1.0	Em1	0	False	None
1031.93	OVI1031E	E	W	LOR	E_OVI	1.0	Em1	0	False	None
1025.72	LyBE	E	W	LOR	-1	1.0	Em1	0	False	None
972.53	LyGE	E	W	LOR	-1	1.0	Em1	0	False	None
2804.29	MgII2803A	A	S	SYM	A_MgII	0.3054	Abs1	0	False	
2797.11	MgII2796A	A	S	SYM	A_MgII	0.6123	Abs1	0	False	
1550.77	CIV1550A	A	S	SYM	A_CIV	0.9	Abs1	-150	False	civ_1550
1548.19	CIV1548A	A	S	SYM	A_CIV	1.0	Abs1	-150	False	civ_1548
1402.77	SiIV1402	A	W	SYM	-1	1.0	Abs1	-150	False	None
1393.74	SiIV1393A	A	W	SYM	-1	1.0	Abs1	0	False	
1260.42	SiII1260A	A	W	SYM	-1	1.0	Abs1	0	False	
1215.67	LyAA	A	S	SYM	-1	1.0	Abs1	0	False	ly_alpha
1025.72	LyBA	A	S	SYM	-1	1.0	Abs1	0	False	None
972.53	LyGA	A	W	SYM	-1	1.0	Abs1	0	False	None
